{"Mean":{"confidence_interval":{"confidence_level":0.95,"lower_bound":45125527.80035542,"upper_bound":45440072.076604925},"point_estimate":45279708.40169471,"standard_error":80392.03339506916},"Median":{"confidence_interval":{"confidence_level":0.95,"lower_bound":45006639.333333336,"upper_bound":45404172.86021505},"point_estimate":45213728.0321875,"standard_error":93165.51542655779},"MedianAbsDev":{"confidence_interval":{"confidence_level":0.95,"lower_bound":507336.72509064345,"upper_bound":898326.1941167075},"point_estimate":645497.9344571102,"standard_error":102972.33861428566},"Slope":{"confidence_interval":{"confidence_level":0.95,"lower_bound":45216981.71832425,"upper_bound":45551905.09575978},"point_estimate":45381283.3431033,"standard_error":85806.92653043638},"StdDev":{"confidence_interval":{"confidence_level":0.95,"lower_bound":674301.2418390027,"upper_bound":934816.4556355056},"point_estimate":809021.117994104,"standard_error":66639.06888343624}}