{"Mean":{"confidence_interval":{"confidence_level":0.95,"lower_bound":23381.260671084063,"upper_bound":24870.364797106162},"point_estimate":24090.390178689435,"standard_error":379.66444622206006},"Median":{"confidence_interval":{"confidence_level":0.95,"lower_bound":22185.051162790696,"upper_bound":23001.118863049094},"point_estimate":22502.647191970405,"standard_error":178.24181092251072},"MedianAbsDev":{"confidence_interval":{"confidence_level":0.95,"lower_bound":1100.7862311519805,"upper_bound":2649.1635328640923},"point_estimate":1601.2177345087578,"standard_error":373.3654945325306},"Slope":{"confidence_interval":{"confidence_level":0.95,"lower_bound":23179.33771048371,"upper_bound":25228.345371994794},"point_estimate":24135.9222887405,"standard_error":524.094965108266},"StdDev":{"confidence_interval":{"confidence_level":0.95,"lower_bound":2965.188346360892,"upper_bound":4615.419035414389},"point_estimate":3821.2179911799626,"standard_error":423.94077632637243}}