{"Mean":{"confidence_interval":{"confidence_level":0.95,"lower_bound":314653.70486379653,"upper_bound":337831.860709702},"point_estimate":325314.4915281763,"standard_error":5947.677938893609},"Median":{"confidence_interval":{"confidence_level":0.95,"lower_bound":295644.745,"upper_bound":310422.5641025641},"point_estimate":298951.85728250246,"standard_error":3278.5791023130005},"MedianAbsDev":{"confidence_interval":{"confidence_level":0.95,"lower_bound":9351.348229392948,"upper_bound":30389.873507421362},"point_estimate":14891.605381997533,"standard_error":4814.964156607647},"Slope":{"confidence_interval":{"confidence_level":0.95,"lower_bound":316767.85244049144,"upper_bound":348611.38517331984},"point_estimate":331123.52495345054,"standard_error":8153.7819548593425},"StdDev":{"confidence_interval":{"confidence_level":0.95,"lower_bound":36288.034126992556,"upper_bound":83244.55831752108},"point_estimate":59624.74677586456,"standard_error":12596.922311363249}}