{"Mean":{"confidence_interval":{"confidence_level":0.95,"lower_bound":3783430.950565318,"upper_bound":3903241.0846433886},"point_estimate":3836584.143260886,"standard_error":30780.88052958423},"Median":{"confidence_interval":{"confidence_level":0.95,"lower_bound":3700592.726790451,"upper_bound":3822553.1641791044},"point_estimate":3746059.278409091,"standard_error":32592.694194809235},"MedianAbsDev":{"confidence_interval":{"confidence_level":0.95,"lower_bound":109426.8056409088,"upper_bound":228642.17305444818},"point_estimate":163825.82026599924,"standard_error":32391.98598531665},"Slope":{"confidence_interval":{"confidence_level":0.95,"lower_bound":3785109.18147505,"upper_bound":3874226.4918680475},"point_estimate":3827063.062651101,"standard_error":22836.62908813429},"StdDev":{"confidence_interval":{"confidence_level":0.95,"lower_bound":174555.3602848815,"upper_bound":457321.6450423029},"point_estimate":310209.9166185263,"standard_error":85168.34327976652}}