{"Mean":{"confidence_interval":{"confidence_level":0.95,"lower_bound":51078.2350103024,"upper_bound":51936.6428112223},"point_estimate":51501.825012986315,"standard_error":219.22332478469536},"Median":{"confidence_interval":{"confidence_level":0.95,"lower_bound":50993.64654882155,"upper_bound":51716.48677248677},"point_estimate":51440.16065064747,"standard_error":185.04006396452482},"MedianAbsDev":{"confidence_interval":{"confidence_level":0.95,"lower_bound":1542.750286405212,"upper_bound":2768.2821523363655},"point_estimate":2288.811431202632,"standard_error":306.7130111093174},"Slope":{"confidence_interval":{"confidence_level":0.95,"lower_bound":49737.30734373309,"upper_bound":50624.83105967605},"point_estimate":50138.63846969772,"standard_error":226.73781157528987},"StdDev":{"confidence_interval":{"confidence_level":0.95,"lower_bound":1906.8236617449363,"upper_bound":2447.154321754742},"point_estimate":2198.9530791334496,"standard_error":137.77156618760085}}