{"Mean":{"confidence_interval":{"confidence_level":0.95,"lower_bound":29530322.39015906,"upper_bound":31799656.707524937},"point_estimate":30611168.80127277,"standard_error":580290.073893054},"Median":{"confidence_interval":{"confidence_level":0.95,"lower_bound":27976482.700000003,"upper_bound":30074866.17948718},"point_estimate":28576217.01588643,"standard_error":588519.892159113},"MedianAbsDev":{"confidence_interval":{"confidence_level":0.95,"lower_bound":2889993.931929829,"upper_bound":4943514.119366312},"point_estimate":3792411.041348762,"standard_error":563503.8835327065},"Slope":{"confidence_interval":{"confidence_level":0.95,"lower_bound":27765429.80056449,"upper_bound":29398320.20972811},"point_estimate":28535646.20797695,"standard_error":418356.06963130226},"StdDev":{"confidence_interval":{"confidence_level":0.95,"lower_bound":4405139.254539258,"upper_bound":7060909.996468416},"point_estimate":5837530.622752476,"standard_error":678229.1245264399}}