{"Mean":{"confidence_interval":{"confidence_level":0.95,"lower_bound":803490570.4736764,"upper_bound":831708063.4479604},"point_estimate":817419853.1872573,"standard_error":7189289.345957576},"Median":{"confidence_interval":{"confidence_level":0.95,"lower_bound":758455442.96,"upper_bound":838567033.9830508},"point_estimate":783292677.0046939,"standard_error":23204204.49899558},"MedianAbsDev":{"confidence_interval":{"confidence_level":0.95,"lower_bound":17596269.882705342,"upper_bound":114285458.03533056},"point_estimate":53998345.346353844,"standard_error":28063921.12587011},"Slope":{"confidence_interval":{"confidence_level":0.95,"lower_bound":838316778.9118788,"upper_bound":872520948.8022032},"point_estimate":855797519.6042383,"standard_error":8721903.460166952},"StdDev":{"confidence_interval":{"confidence_level":0.95,"lower_bound":65041842.43639322,"upper_bound":78324208.16455418},"point_estimate":72428408.93817672,"standard_error":3392952.0492927036}}