{"Mean":{"confidence_interval":{"confidence_level":0.95,"lower_bound":949890.9302477282,"upper_bound":1327006.9312259043},"point_estimate":1111143.5038455909,"standard_error":97281.2553170789},"Median":{"confidence_interval":{"confidence_level":0.95,"lower_bound":822489.7380952381,"upper_bound":884526.5344684385},"point_estimate":852476.9204918033,"standard_error":14910.499665379046},"MedianAbsDev":{"confidence_interval":{"confidence_level":0.95,"lower_bound":113892.02462474302,"upper_bound":261906.34799317396},"point_estimate":156145.01089214452,"standard_error":41532.15331020507},"Slope":{"confidence_interval":{"confidence_level":0.95,"lower_bound":918916.6445624662,"upper_bound":1340237.1356755781},"point_estimate":1107816.6722772277,"standard_error":108566.7175722318},"StdDev":{"confidence_interval":{"confidence_level":0.95,"lower_bound":400120.7351843305,"upper_bound":1503073.6831525464},"point_estimate":978643.8966785691,"standard_error":309964.57434157125}}