{"Mean":{"confidence_interval":{"confidence_level":0.95,"lower_bound":248112.71072158057,"upper_bound":249002.66141055108},"point_estimate":248492.41529292322,"standard_error":230.1293463349393},"Median":{"confidence_interval":{"confidence_level":0.95,"lower_bound":247846.41292134832,"upper_bound":248233.28},"point_estimate":248033.47222693352,"standard_error":95.78387177163486},"MedianAbsDev":{"confidence_interval":{"confidence_level":0.95,"lower_bound":503.37843716213723,"upper_bound":909.2862485634927},"point_estimate":657.6991210240379,"standard_error":105.63552364490612},"Slope":{"confidence_interval":{"confidence_level":0.95,"lower_bound":248068.68100184598,"upper_bound":248697.92988845424},"point_estimate":248356.5691384661,"standard_error":160.56197259929246},"StdDev":{"confidence_interval":{"confidence_level":0.95,"lower_bound":950.6753828594905,"upper_bound":3610.0091156445555},"point_estimate":2321.4525597065276,"standard_error":780.2732641798534}}