{"Mean":{"confidence_interval":{"confidence_level":0.95,"lower_bound":2724779.597745278,"upper_bound":2761467.559058667},"point_estimate":2741162.635231294,"standard_error":9434.180995615445},"Median":{"confidence_interval":{"confidence_level":0.95,"lower_bound":2713399.4234848483,"upper_bound":2721320.029411765},"point_estimate":2716429.111170784,"standard_error":2163.6656815769275},"MedianAbsDev":{"confidence_interval":{"confidence_level":0.95,"lower_bound":15708.021099074333,"upper_bound":25451.520637618214},"point_estimate":20276.7059520171,"standard_error":2446.5780451335468},"Slope":{"confidence_interval":{"confidence_level":0.95,"lower_bound":2727052.7771253143,"upper_bound":2776064.0535572604},"point_estimate":2749126.4606590807,"standard_error":12601.158830204811},"StdDev":{"confidence_interval":{"confidence_level":0.95,"lower_bound":46814.47059615098,"upper_bound":134330.44170472256},"point_estimate":94598.0675047358,"standard_error":22537.99770450795}}