{"Mean":{"confidence_interval":{"confidence_level":0.95,"lower_bound":40138522.5259813,"upper_bound":41152975.832597084},"point_estimate":40587526.64440433,"standard_error":261709.50181213388},"Median":{"confidence_interval":{"confidence_level":0.95,"lower_bound":39802594.07394844,"upper_bound":40105836.89138909},"point_estimate":39956321.02753623,"standard_error":81587.08619499387},"MedianAbsDev":{"confidence_interval":{"confidence_level":0.95,"lower_bound":518256.50388340786,"upper_bound":816392.3029278131},"point_estimate":662182.6491541204,"standard_error":73661.14316910587},"Slope":{"confidence_interval":{"confidence_level":0.95,"lower_bound":40572763.818438634,"upper_bound":43085162.10684208},"point_estimate":41724929.69572632,"standard_error":645707.3271594016},"StdDev":{"confidence_interval":{"confidence_level":0.95,"lower_bound":1081830.1317949344,"upper_bound":3846275.35310256},"point_estimate":2630670.1523728385,"standard_error":715315.9745855218}}