{"Mean":{"confidence_interval":{"confidence_level":0.95,"lower_bound":-0.36576758857128805,"upper_bound":-0.24035276579203557},"point_estimate":-0.3012954146430191,"standard_error":0.0322224838331935},"Median":{"confidence_interval":{"confidence_level":0.95,"lower_bound":-0.22535874918404775,"upper_bound":-0.15389119255058048},"point_estimate":-0.18713513199988985,"standard_error":0.020131778862278238}}