{"Mean":{"confidence_interval":{"confidence_level":0.95,"lower_bound":-0.009834114872276273,"upper_bound":0.017625972097142704},"point_estimate":0.004129752155245914,"standard_error":0.007031927702719032},"Median":{"confidence_interval":{"confidence_level":0.95,"lower_bound":-0.0011340091153423382,"upper_bound":0.016075588361745385},"point_estimate":0.007804774109205548,"standard_error":0.00428234119525677}}