{"Mean":{"confidence_interval":{"confidence_level":0.95,"lower_bound":46304.71051083333,"upper_bound":48022.55060243197},"point_estimate":47041.60745646485,"standard_error":444.5453583736504},"Median":{"confidence_interval":{"confidence_level":0.95,"lower_bound":45660.322546212585,"upper_bound":46692.37554112554},"point_estimate":46291.80970945883,"standard_error":292.4895514109687},"MedianAbsDev":{"confidence_interval":{"confidence_level":0.95,"lower_bound":1459.0959927771842,"upper_bound":2517.156101488214},"point_estimate":2071.1920484398775,"standard_error":263.46697054764496},"Slope":{"confidence_interval":{"confidence_level":0.95,"lower_bound":46234.09562957533,"upper_bound":48720.19265724886},"point_estimate":47226.165781418225,"standard_error":654.5259459888963},"StdDev":{"confidence_interval":{"confidence_level":0.95,"lower_bound":2058.251132233308,"upper_bound":6859.612891790817},"point_estimate":4455.221600446292,"standard_error":1467.9335127484642}}