{"Mean":{"confidence_interval":{"confidence_level":0.95,"lower_bound":-0.27010469479382515,"upper_bound":-0.2208550946482337},"point_estimate":-0.24477615062148517,"standard_error":0.012568370862625683},"Median":{"confidence_interval":{"confidence_level":0.95,"lower_bound":-0.2423494652597986,"upper_bound":-0.20457918712597933},"point_estimate":-0.224227033310883,"standard_error":0.009778432510992597}}