{"Mean":{"confidence_interval":{"confidence_level":0.95,"lower_bound":119.76962784559208,"upper_bound":127.6173999303891},"point_estimate":123.19787190040404,"standard_error":2.0235258172749093},"Median":{"confidence_interval":{"confidence_level":0.95,"lower_bound":115.81049672678327,"upper_bound":121.05161967526773},"point_estimate":117.8845180569398,"standard_error":1.3401896284854826},"MedianAbsDev":{"confidence_interval":{"confidence_level":0.95,"lower_bound":5.807301461820626,"upper_bound":10.123799600212047},"point_estimate":8.236584073383607,"standard_error":1.1162620872340305},"Slope":{"confidence_interval":{"confidence_level":0.95,"lower_bound":117.92051443792847,"upper_bound":122.91300991225994},"point_estimate":120.21295708315373,"standard_error":1.2792947188616721},"StdDev":{"confidence_interval":{"confidence_level":0.95,"lower_bound":9.76757258419772,"upper_bound":30.6038613147317},"point_estimate":20.37641861210562,"standard_error":5.830308312719585}}