{"Mean":{"confidence_interval":{"confidence_level":0.95,"lower_bound":352577.55204093823,"upper_bound":398720.5981999231},"point_estimate":372824.3582653943,"standard_error":11852.111022674759},"Median":{"confidence_interval":{"confidence_level":0.95,"lower_bound":319556.05740740744,"upper_bound":348157.17600960756},"point_estimate":328262.67826558265,"standard_error":7942.973337634305},"MedianAbsDev":{"confidence_interval":{"confidence_level":0.95,"lower_bound":27716.550245349892,"upper_bound":66687.30301124125},"point_estimate":38207.05724681341,"standard_error":10217.985629533368},"Slope":{"confidence_interval":{"confidence_level":0.95,"lower_bound":327968.66464459203,"upper_bound":355757.39566126035},"point_estimate":340991.83062903304,"standard_error":7112.024354320925},"StdDev":{"confidence_interval":{"confidence_level":0.95,"lower_bound":64797.53890939806,"upper_bound":177956.68956237606},"point_estimate":119482.22898972886,"standard_error":34566.931560748824}}