{"Mean":{"confidence_interval":{"confidence_level":0.95,"lower_bound":2218462.472770315,"upper_bound":2363990.2506204103},"point_estimate":2286909.43251184,"standard_error":37245.85653583845},"Median":{"confidence_interval":{"confidence_level":0.95,"lower_bound":2110865.914893617,"upper_bound":2222729.891325536},"point_estimate":2174178.855194805,"standard_error":26384.949602524728},"MedianAbsDev":{"confidence_interval":{"confidence_level":0.95,"lower_bound":141527.08880748742,"upper_bound":252938.7171975084},"point_estimate":180885.32570165707,"standard_error":29109.922446498484},"Slope":{"confidence_interval":{"confidence_level":0.95,"lower_bound":2227661.97974089,"upper_bound":2412638.951449745},"point_estimate":2310528.3783419537,"standard_error":47407.04193042926},"StdDev":{"confidence_interval":{"confidence_level":0.95,"lower_bound":262039.7229408085,"upper_bound":475325.53943816555},"point_estimate":374192.7033837958,"standard_error":54846.80143099896}}