{"Mean":{"confidence_interval":{"confidence_level":0.95,"lower_bound":0.05588236768467048,"upper_bound":0.20006523392409942},"point_estimate":0.1234471309810854,"standard_error":0.036925553523849415},"Median":{"confidence_interval":{"confidence_level":0.95,"lower_bound":-0.006720537525432224,"upper_bound":0.09007406364948856},"point_estimate":0.02670525762484144,"standard_error":0.02554935934553481}}