{"Mean":{"confidence_interval":{"confidence_level":0.95,"lower_bound":2073947.2457586501,"upper_bound":2127959.4909233544},"point_estimate":2100197.171560761,"standard_error":13807.558504553599},"Median":{"confidence_interval":{"confidence_level":0.95,"lower_bound":2022669.880597015,"upper_bound":2067478.3314014752},"point_estimate":2045137.883643617,"standard_error":11079.152682114644},"MedianAbsDev":{"confidence_interval":{"confidence_level":0.95,"lower_bound":58810.76899632607,"upper_bound":122251.39224650273},"point_estimate":85377.17035983184,"standard_error":15665.260708889291},"Slope":{"confidence_interval":{"confidence_level":0.95,"lower_bound":2039673.9391088132,"upper_bound":2097287.3274516347},"point_estimate":2065855.0214600265,"standard_error":14722.781604270162},"StdDev":{"confidence_interval":{"confidence_level":0.95,"lower_bound":113076.37503445604,"upper_bound":161172.3495823876},"point_estimate":138650.19104297602,"standard_error":12278.986443464346}}