{"Mean":{"confidence_interval":{"confidence_level":0.95,"lower_bound":307439346.3981606,"upper_bound":310053249.3212768},"point_estimate":308463439.9266634,"standard_error":698369.852812636},"Median":{"confidence_interval":{"confidence_level":0.95,"lower_bound":307473807.53061223,"upper_bound":307790528.0740741},"point_estimate":307609111.54375756,"standard_error":93540.77927858032},"MedianAbsDev":{"confidence_interval":{"confidence_level":0.95,"lower_bound":809218.5612303821,"upper_bound":1425651.0701054377},"point_estimate":1058263.8463865248,"standard_error":156869.67442704353},"Slope":{"confidence_interval":{"confidence_level":0.95,"lower_bound":307659466.89868844,"upper_bound":310589260.64235157},"point_estimate":308641313.8206502,"standard_error":834375.040012724},"StdDev":{"confidence_interval":{"confidence_level":0.95,"lower_bound":1882247.6608856507,"upper_bound":11652160.416006701},"point_estimate":7040290.905613896,"standard_error":3206597.4724117504}}