{"Mean":{"confidence_interval":{"confidence_level":0.95,"lower_bound":2.2877495735431226,"upper_bound":2.331645388254492},"point_estimate":2.3084821185614604,"standard_error":0.011227833285710196},"Median":{"confidence_interval":{"confidence_level":0.95,"lower_bound":2.2612113814138,"upper_bound":2.2738770413536007},"point_estimate":2.2682370608985085,"standard_error":0.003406893970224329},"MedianAbsDev":{"confidence_interval":{"confidence_level":0.95,"lower_bound":0.021550616342320125,"upper_bound":0.03992682225722183},"point_estimate":0.02944941541009957,"standard_error":0.004821881599494944},"Slope":{"confidence_interval":{"confidence_level":0.95,"lower_bound":2.2729533049745685,"upper_bound":2.3130569683891733},"point_estimate":2.2910270197736886,"standard_error":0.010306784955970344},"StdDev":{"confidence_interval":{"confidence_level":0.95,"lower_bound":0.07980487777190763,"upper_bound":0.1392011191932273},"point_estimate":0.11274846105260507,"standard_error":0.015120289611818095}}