{"Mean":{"confidence_interval":{"confidence_level":0.95,"lower_bound":41069701.60383882,"upper_bound":41778352.34769456},"point_estimate":41401905.8890502,"standard_error":181769.59663336488},"Median":{"confidence_interval":{"confidence_level":0.95,"lower_bound":40582121.797619045,"upper_bound":41162867.04589372},"point_estimate":40865263.68073593,"standard_error":135705.22255966574},"MedianAbsDev":{"confidence_interval":{"confidence_level":0.95,"lower_bound":759453.8148766862,"upper_bound":1385532.8225278498},"point_estimate":1077926.8301675569,"standard_error":161681.09804174138},"Slope":{"confidence_interval":{"confidence_level":0.95,"lower_bound":41469744.78832417,"upper_bound":42262091.76357218},"point_estimate":41852094.52300281,"standard_error":202425.7044093364},"StdDev":{"confidence_interval":{"confidence_level":0.95,"lower_bound":1276535.4397094215,"upper_bound":2338326.417324136},"point_estimate":1827173.4884710598,"standard_error":273758.08497318166}}