{"Mean":{"confidence_interval":{"confidence_level":0.95,"lower_bound":-0.19811266075808792,"upper_bound":-0.09170495174467468},"point_estimate":-0.1512799097623384,"standard_error":0.026858967737301787},"Median":{"confidence_interval":{"confidence_level":0.95,"lower_bound":-0.2302946530990223,"upper_bound":-0.19749608843164923},"point_estimate":-0.21478557481268823,"standard_error":0.007876244867828328}}