{"Mean":{"confidence_interval":{"confidence_level":0.95,"lower_bound":101931929.3267867,"upper_bound":102697861.54358035},"point_estimate":102289383.23140858,"standard_error":195808.9500729251},"Median":{"confidence_interval":{"confidence_level":0.95,"lower_bound":101563210.75,"upper_bound":102244602.83455881},"point_estimate":101813033.08056171,"standard_error":195491.7842751903},"MedianAbsDev":{"confidence_interval":{"confidence_level":0.95,"lower_bound":820644.2363970029,"upper_bound":1334739.4601134763},"point_estimate":991666.3428200854,"standard_error":129166.26499011145},"Slope":{"confidence_interval":{"confidence_level":0.95,"lower_bound":101957917.93254577,"upper_bound":103403343.26403391},"point_estimate":102602591.37670755,"standard_error":373731.54528041004},"StdDev":{"confidence_interval":{"confidence_level":0.95,"lower_bound":1282267.6062556412,"upper_bound":2566099.0968168383},"point_estimate":1965190.8206690676,"standard_error":327805.4037289361}}