{"Mean":{"confidence_interval":{"confidence_level":0.95,"lower_bound":100187202.0640361,"upper_bound":100595181.74018988},"point_estimate":100375213.95283452,"standard_error":104317.57877233888},"Median":{"confidence_interval":{"confidence_level":0.95,"lower_bound":100010041.43353873,"upper_bound":100264606.63636364},"point_estimate":100136416.21428572,"standard_error":72024.7278556274},"MedianAbsDev":{"confidence_interval":{"confidence_level":0.95,"lower_bound":349275.5155253702,"upper_bound":662868.2874352288},"point_estimate":493663.45947572624,"standard_error":83585.44858764556},"Slope":{"confidence_interval":{"confidence_level":0.95,"lower_bound":100288332.64235917,"upper_bound":101089115.69065969},"point_estimate":100636575.49162701,"standard_error":207904.51615280716},"StdDev":{"confidence_interval":{"confidence_level":0.95,"lower_bound":632166.9088568047,"upper_bound":1470063.134638628},"point_estimate":1050231.8587361674,"standard_error":223672.95358207126}}