{"Mean":{"confidence_interval":{"confidence_level":0.95,"lower_bound":-0.09287908863631067,"upper_bound":0.02760396644628469},"point_estimate":-0.033280986058017104,"standard_error":0.03061516768287209},"Median":{"confidence_interval":{"confidence_level":0.95,"lower_bound":-0.08604813649910681,"upper_bound":0.08555266766793627},"point_estimate":-0.006198247127623957,"standard_error":0.04677090041904015}}