{"Mean":{"confidence_interval":{"confidence_level":0.95,"lower_bound":21008.816621276175,"upper_bound":25164.08828230633},"point_estimate":22892.957094497735,"standard_error":1067.404039289993},"Median":{"confidence_interval":{"confidence_level":0.95,"lower_bound":19573.659183015494,"upper_bound":21016.493520065334},"point_estimate":20023.978322600276,"standard_error":363.7833645798181},"MedianAbsDev":{"confidence_interval":{"confidence_level":0.95,"lower_bound":2147.1705075699524,"upper_bound":3278.1213209358216},"point_estimate":2587.3873586477976,"standard_error":279.0308883409056},"Slope":{"confidence_interval":{"confidence_level":0.95,"lower_bound":21410.53108583793,"upper_bound":25263.313739742043},"point_estimate":23089.276133387637,"standard_error":987.6763596043809},"StdDev":{"confidence_interval":{"confidence_level":0.95,"lower_bound":5483.892174837077,"upper_bound":14650.257465595474},"point_estimate":10683.404061832087,"standard_error":2311.4561333353267}}