{"Mean":{"confidence_interval":{"confidence_level":0.95,"lower_bound":340274.4466600401,"upper_bound":417205.0588990851},"point_estimate":378179.47916509415,"standard_error":19586.51349583493},"Median":{"confidence_interval":{"confidence_level":0.95,"lower_bound":308375.01785714284,"upper_bound":448381.19097222225},"point_estimate":373194.4664646465,"standard_error":30326.418441661328},"MedianAbsDev":{"confidence_interval":{"confidence_level":0.95,"lower_bound":174946.83716895024,"upper_bound":263851.2171269904},"point_estimate":227994.88616963077,"standard_error":21800.6368046661},"Slope":{"confidence_interval":{"confidence_level":0.95,"lower_bound":422795.6197786704,"upper_bound":514470.4909758354},"point_estimate":470183.26155361807,"standard_error":23360.826732530135},"StdDev":{"confidence_interval":{"confidence_level":0.95,"lower_bound":166442.964461766,"upper_bound":228949.4159703688},"point_estimate":196941.99055536767,"standard_error":16118.434727059}}