{"Mean":{"confidence_interval":{"confidence_level":0.95,"lower_bound":443820413.41214204,"upper_bound":496480229.9426573},"point_estimate":469040237.94198227,"standard_error":13496516.92929245},"Median":{"confidence_interval":{"confidence_level":0.95,"lower_bound":413692985.25,"upper_bound":466418998.9779597},"point_estimate":441857243.1321157,"standard_error":14315587.422405373},"MedianAbsDev":{"confidence_interval":{"confidence_level":0.95,"lower_bound":80775750.10082069,"upper_bound":131625108.15464345},"point_estimate":104492719.90840371,"standard_error":12587974.821601937},"Slope":{"confidence_interval":{"confidence_level":0.95,"lower_bound":427810488.2124438,"upper_bound":470445110.39081043},"point_estimate":448185855.23585635,"standard_error":10875196.498361168},"StdDev":{"confidence_interval":{"confidence_level":0.95,"lower_bound":101480715.61182976,"upper_bound":166650698.70134068},"point_estimate":135733018.25847566,"standard_error":16756643.411604412}}