{"Mean":{"confidence_interval":{"confidence_level":0.95,"lower_bound":303579197.20482355,"upper_bound":304608563.8257966},"point_estimate":304071777.9855718,"standard_error":262353.69589440036},"Median":{"confidence_interval":{"confidence_level":0.95,"lower_bound":303661483.58208954,"upper_bound":304361364.75384617},"point_estimate":304069947.24358976,"standard_error":198105.41439013218},"MedianAbsDev":{"confidence_interval":{"confidence_level":0.95,"lower_bound":1060458.5818335877,"upper_bound":2137241.5684563583},"point_estimate":1440279.302073828,"standard_error":264587.1333538166},"Slope":{"confidence_interval":{"confidence_level":0.95,"lower_bound":303260289.5521884,"upper_bound":304148472.58687425},"point_estimate":303718106.08999556,"standard_error":226342.99745215607},"StdDev":{"confidence_interval":{"confidence_level":0.95,"lower_bound":1819574.3799037868,"upper_bound":3567510.3373896065},"point_estimate":2640751.041776712,"standard_error":472150.533525905}}