{"Mean":{"confidence_interval":{"confidence_level":0.95,"lower_bound":2282277.9735586504,"upper_bound":2443743.3586656116},"point_estimate":2359206.2684383113,"standard_error":41086.80844132913},"Median":{"confidence_interval":{"confidence_level":0.95,"lower_bound":2142769.514431239,"upper_bound":2300327.3333333335},"point_estimate":2190873.9747899156,"standard_error":42045.1309556965},"MedianAbsDev":{"confidence_interval":{"confidence_level":0.95,"lower_bound":147297.74652676718,"upper_bound":334160.8163326484},"point_estimate":219370.44098969427,"standard_error":45059.36607431185},"Slope":{"confidence_interval":{"confidence_level":0.95,"lower_bound":2255024.3673237106,"upper_bound":2425528.503071919},"point_estimate":2336359.6849357174,"standard_error":43579.495855422916},"StdDev":{"confidence_interval":{"confidence_level":0.95,"lower_bound":313565.30841087137,"upper_bound":507633.18110272934},"point_estimate":414696.9275659397,"standard_error":49821.888152809326}}