{"Mean":{"confidence_interval":{"confidence_level":0.95,"lower_bound":189217413.6997617,"upper_bound":205235398.36848074},"point_estimate":197107464.69541103,"standard_error":4079793.857027202},"Median":{"confidence_interval":{"confidence_level":0.95,"lower_bound":176123152.1707317,"upper_bound":204903038.34615386},"point_estimate":191717725.71296299,"standard_error":7832160.911524313},"MedianAbsDev":{"confidence_interval":{"confidence_level":0.95,"lower_bound":34196548.80117233,"upper_bound":57820996.9453021},"point_estimate":43532828.0795817,"standard_error":6002499.743838022},"Slope":{"confidence_interval":{"confidence_level":0.95,"lower_bound":196509032.80885872,"upper_bound":217667111.3352758},"point_estimate":206921141.07435495,"standard_error":5388471.544790646},"StdDev":{"confidence_interval":{"confidence_level":0.95,"lower_bound":35605911.04563489,"upper_bound":45955816.384106405},"point_estimate":41046101.795542166,"standard_error":2649666.5078347446}}