{"Mean":{"confidence_interval":{"confidence_level":0.95,"lower_bound":26082234.060107682,"upper_bound":26232396.768994752},"point_estimate":26151424.19732707,"standard_error":38411.6178898522},"Median":{"confidence_interval":{"confidence_level":0.95,"lower_bound":25981697.06557377,"upper_bound":26105088.37804878},"point_estimate":26037189.157575756,"standard_error":27205.040667870515},"MedianAbsDev":{"confidence_interval":{"confidence_level":0.95,"lower_bound":142194.75422635226,"upper_bound":245521.68347326142},"point_estimate":190159.48299593278,"standard_error":27279.21583256858},"Slope":{"confidence_interval":{"confidence_level":0.95,"lower_bound":26085778.12634686,"upper_bound":26197593.424179368},"point_estimate":26137052.480035465,"standard_error":28637.600514953345},"StdDev":{"confidence_interval":{"confidence_level":0.95,"lower_bound":228680.00877903652,"upper_bound":532427.9581982901},"point_estimate":386729.5493158971,"standard_error":78751.05243740074}}