{"Mean":{"confidence_interval":{"confidence_level":0.95,"lower_bound":50719.97382844831,"upper_bound":51404.03095965598},"point_estimate":51040.84556981202,"standard_error":174.80360196956067},"Median":{"confidence_interval":{"confidence_level":0.95,"lower_bound":50346.14141414141,"upper_bound":50923.355791962174},"point_estimate":50624.38354700855,"standard_error":144.74531750376326},"MedianAbsDev":{"confidence_interval":{"confidence_level":0.95,"lower_bound":814.5729917654644,"upper_bound":1390.3991174425184},"point_estimate":1060.7253440957081,"standard_error":144.7345927955564},"Slope":{"confidence_interval":{"confidence_level":0.95,"lower_bound":50733.67286309231,"upper_bound":51429.02755494539},"point_estimate":51079.67017568921,"standard_error":177.65524628852694},"StdDev":{"confidence_interval":{"confidence_level":0.95,"lower_bound":1089.089064479718,"upper_bound":2317.5282419012283},"point_estimate":1762.22074968429,"standard_error":308.9431792625855}}