{"Mean":{"confidence_interval":{"confidence_level":0.95,"lower_bound":130624570.23318405,"upper_bound":131237891.84145898},"point_estimate":130916315.76892745,"standard_error":156453.57658395314},"Median":{"confidence_interval":{"confidence_level":0.95,"lower_bound":130556973.71898496,"upper_bound":130985014.98901099},"point_estimate":130771452.11307189,"standard_error":97385.78566980972},"MedianAbsDev":{"confidence_interval":{"confidence_level":0.95,"lower_bound":658247.1886773785,"upper_bound":1166480.6508709004},"point_estimate":929841.7666873871,"standard_error":133601.54107271004},"Slope":{"confidence_interval":{"confidence_level":0.95,"lower_bound":130644334.20811787,"upper_bound":131080239.18536429},"point_estimate":130844989.90969115,"standard_error":110984.85121915537},"StdDev":{"confidence_interval":{"confidence_level":0.95,"lower_bound":1097626.7949574715,"upper_bound":2071788.6929237847},"point_estimate":1574402.7053533786,"standard_error":256087.83580469678}}