{"Mean":{"confidence_interval":{"confidence_level":0.95,"lower_bound":137.31652382931804,"upper_bound":167.59478565445437},"point_estimate":150.48101674158352,"standard_error":7.815443979922714},"Median":{"confidence_interval":{"confidence_level":0.95,"lower_bound":122.9192241156527,"upper_bound":136.00754534887457},"point_estimate":129.97111907826195,"standard_error":3.942757761443737},"MedianAbsDev":{"confidence_interval":{"confidence_level":0.95,"lower_bound":13.204934164544957,"upper_bound":24.293543596186478},"point_estimate":19.053781165315733,"standard_error":3.0271204984296403},"Slope":{"confidence_interval":{"confidence_level":0.95,"lower_bound":122.81564712419939,"upper_bound":134.8035376837318},"point_estimate":127.6258481798736,"standard_error":3.137615459300931},"StdDev":{"confidence_interval":{"confidence_level":0.95,"lower_bound":34.36756164913059,"upper_bound":119.10340853303481},"point_estimate":78.63081210104993,"standard_error":23.497877153331284}}