{"Mean":{"confidence_interval":{"confidence_level":0.95,"lower_bound":678037237.9101621,"upper_bound":679281405.9708657},"point_estimate":678596456.1276808,"standard_error":320480.5612368505},"Median":{"confidence_interval":{"confidence_level":0.95,"lower_bound":677701843.0,"upper_bound":678201780.8340143},"point_estimate":677939729.1293575,"standard_error":123524.32268698078},"MedianAbsDev":{"confidence_interval":{"confidence_level":0.95,"lower_bound":794308.7454018884,"upper_bound":1612189.3680188057},"point_estimate":1008409.0227754822,"standard_error":209995.77201161138},"Slope":{"confidence_interval":{"confidence_level":0.95,"lower_bound":678120883.9911352,"upper_bound":679822709.175884},"point_estimate":678870026.7623496,"standard_error":438484.7642522997},"StdDev":{"confidence_interval":{"confidence_level":0.95,"lower_bound":1602165.0332224877,"upper_bound":4661374.899625603},"point_estimate":3217357.4536173902,"standard_error":803076.8416319053}}