{"Mean":{"confidence_interval":{"confidence_level":0.95,"lower_bound":27299635.43561455,"upper_bound":27518250.098594084},"point_estimate":27401875.619903218,"standard_error":55792.71385201924},"Median":{"confidence_interval":{"confidence_level":0.95,"lower_bound":27158089.282828283,"upper_bound":27290962.463414636},"point_estimate":27211369.956463125,"standard_error":32139.311249007722},"MedianAbsDev":{"confidence_interval":{"confidence_level":0.95,"lower_bound":150861.01714006063,"upper_bound":269509.8615088481},"point_estimate":217818.61432064325,"standard_error":30261.712784118397},"Slope":{"confidence_interval":{"confidence_level":0.95,"lower_bound":27183240.122761883,"upper_bound":27269017.57474212},"point_estimate":27223537.144752476,"standard_error":21917.769735582406},"StdDev":{"confidence_interval":{"confidence_level":0.95,"lower_bound":372378.933747912,"upper_bound":712754.7310010722},"point_estimate":557968.1853232817,"standard_error":87004.65308656833}}