{"Mean":{"confidence_interval":{"confidence_level":0.95,"lower_bound":29210829.45357886,"upper_bound":31133480.867691156},"point_estimate":30067288.107889313,"standard_error":493410.4986883488},"Median":{"confidence_interval":{"confidence_level":0.95,"lower_bound":28130555.68604651,"upper_bound":29040532.925193798},"point_estimate":28517834.561758243,"standard_error":255304.76437725063},"MedianAbsDev":{"confidence_interval":{"confidence_level":0.95,"lower_bound":989441.2628846236,"upper_bound":2177855.2975510634},"point_estimate":1519338.3115555418,"standard_error":306376.22507879854},"Slope":{"confidence_interval":{"confidence_level":0.95,"lower_bound":28489658.35928824,"upper_bound":29540777.10971276},"point_estimate":28965514.643871732,"standard_error":268395.5504769569},"StdDev":{"confidence_interval":{"confidence_level":0.95,"lower_bound":2305742.6939062686,"upper_bound":7154453.231380016},"point_estimate":4942889.15997766,"standard_error":1257470.719524229}}