{"Mean":{"confidence_interval":{"confidence_level":0.95,"lower_bound":4893073.708656654,"upper_bound":4929436.185712859},"point_estimate":4910987.626044499,"standard_error":9264.902941612581},"Median":{"confidence_interval":{"confidence_level":0.95,"lower_bound":4850107.036107923,"upper_bound":4937868.375},"point_estimate":4879620.597222222,"standard_error":26129.662962111954},"MedianAbsDev":{"confidence_interval":{"confidence_level":0.95,"lower_bound":52391.14622445672,"upper_bound":132786.51544500107},"point_estimate":92023.45875046727,"standard_error":23860.12362982038},"Slope":{"confidence_interval":{"confidence_level":0.95,"lower_bound":4898871.253416326,"upper_bound":4947689.828705129},"point_estimate":4923162.78168169,"standard_error":12467.892759031198},"StdDev":{"confidence_interval":{"confidence_level":0.95,"lower_bound":81988.88641747943,"upper_bound":103201.8059829792},"point_estimate":93095.03381445378,"standard_error":5436.57604555301}}