{"Mean":{"confidence_interval":{"confidence_level":0.95,"lower_bound":29213161.624737002,"upper_bound":31884626.214583315},"point_estimate":30439720.00112469,"standard_error":686969.8833558472},"Median":{"confidence_interval":{"confidence_level":0.95,"lower_bound":27534260.35714286,"upper_bound":29015537.0875},"point_estimate":28018993.787464984,"standard_error":335039.3609683673},"MedianAbsDev":{"confidence_interval":{"confidence_level":0.95,"lower_bound":1586347.7658406757,"upper_bound":3417763.692360962},"point_estimate":2219906.825772362,"standard_error":435519.86963685893},"Slope":{"confidence_interval":{"confidence_level":0.95,"lower_bound":28063140.79671523,"upper_bound":29214292.939204894},"point_estimate":28604437.057907492,"standard_error":294258.79091550485},"StdDev":{"confidence_interval":{"confidence_level":0.95,"lower_bound":3589976.5809178674,"upper_bound":9461729.250971187},"point_estimate":6906784.63666392,"standard_error":1456377.9918301227}}