{"Mean":{"confidence_interval":{"confidence_level":0.95,"lower_bound":2149571.6645346037,"upper_bound":2242400.004518604},"point_estimate":2193358.199080267,"standard_error":23793.52301349548},"Median":{"confidence_interval":{"confidence_level":0.95,"lower_bound":2084850.3859797297,"upper_bound":2133886.9693877553},"point_estimate":2107037.3482142854,"standard_error":12915.4737665067},"MedianAbsDev":{"confidence_interval":{"confidence_level":0.95,"lower_bound":63340.81324035777,"upper_bound":120890.80516224523},"point_estimate":89484.58403225757,"standard_error":15348.855535556037},"Slope":{"confidence_interval":{"confidence_level":0.95,"lower_bound":2169089.8496882664,"upper_bound":2347681.5607786253},"point_estimate":2255078.7117009014,"standard_error":45691.98137813695},"StdDev":{"confidence_interval":{"confidence_level":0.95,"lower_bound":172814.18652817878,"upper_bound":296908.5475428224},"point_estimate":239238.13903468405,"standard_error":31757.958372763555}}