{"Mean":{"confidence_interval":{"confidence_level":0.95,"lower_bound":57278.602690283114,"upper_bound":57992.66417568492},"point_estimate":57596.595932358854,"standard_error":183.5513457250978},"Median":{"confidence_interval":{"confidence_level":0.95,"lower_bound":56771.88888888889,"upper_bound":57483.21959876543},"point_estimate":57080.92663265306,"standard_error":193.92535966489936},"MedianAbsDev":{"confidence_interval":{"confidence_level":0.95,"lower_bound":461.497444767313,"upper_bound":1313.3456823697327},"point_estimate":821.5972485718304,"standard_error":215.0106007135606},"Slope":{"confidence_interval":{"confidence_level":0.95,"lower_bound":57314.52406357716,"upper_bound":58105.270825221305},"point_estimate":57654.24662545359,"standard_error":203.2632626527441},"StdDev":{"confidence_interval":{"confidence_level":0.95,"lower_bound":868.2561948352769,"upper_bound":2659.8360114592506},"point_estimate":1845.046640966437,"standard_error":487.8223413007124}}