{"Mean":{"confidence_interval":{"confidence_level":0.95,"lower_bound":-0.04619782252719635,"upper_bound":-0.011425649387601126},"point_estimate":-0.028484519956181398,"standard_error":0.008867113967616032},"Median":{"confidence_interval":{"confidence_level":0.95,"lower_bound":-0.021141842695615143,"upper_bound":0.00020864743714043386},"point_estimate":-0.008964100690622812,"standard_error":0.005772698076934783}}