{"Mean":{"confidence_interval":{"confidence_level":0.95,"lower_bound":396080527.77887255,"upper_bound":422468727.7939963},"point_estimate":408439749.5927898,"standard_error":6755640.955957322},"Median":{"confidence_interval":{"confidence_level":0.95,"lower_bound":386639016.4516129,"upper_bound":406056233.8894737},"point_estimate":396519503.45290744,"standard_error":4997269.574896058},"MedianAbsDev":{"confidence_interval":{"confidence_level":0.95,"lower_bound":37215511.197461985,"upper_bound":64033806.29129401},"point_estimate":49906080.78227499,"standard_error":6671125.177078846},"Slope":{"confidence_interval":{"confidence_level":0.95,"lower_bound":394195924.50162864,"upper_bound":433120920.022084},"point_estimate":411791244.76793855,"standard_error":9969009.634255284},"StdDev":{"confidence_interval":{"confidence_level":0.95,"lower_bound":45387754.013782196,"upper_bound":90406708.04259759},"point_estimate":67932835.39784522,"standard_error":11780698.082337592}}