{"Mean":{"confidence_interval":{"confidence_level":0.95,"lower_bound":2016852.9462837856,"upper_bound":2063962.2660654413},"point_estimate":2039014.0186063864,"standard_error":12032.354197931083},"Median":{"confidence_interval":{"confidence_level":0.95,"lower_bound":1999195.2698412698,"upper_bound":2036989.611111111},"point_estimate":2012797.0108830845,"standard_error":9860.641140716685},"MedianAbsDev":{"confidence_interval":{"confidence_level":0.95,"lower_bound":63242.015206915625,"upper_bound":95342.78959659552},"point_estimate":80495.03083987998,"standard_error":8071.5992721660805},"Slope":{"confidence_interval":{"confidence_level":0.95,"lower_bound":2017860.9741635285,"upper_bound":2046841.5728878558},"point_estimate":2032331.9525432244,"standard_error":7377.393607818137},"StdDev":{"confidence_interval":{"confidence_level":0.95,"lower_bound":80638.54715925807,"upper_bound":156448.17189623855},"point_estimate":120641.38814529599,"standard_error":19444.21411375458}}