{"Mean":{"confidence_interval":{"confidence_level":0.95,"lower_bound":1835418.6440745995,"upper_bound":1999260.7495319052},"point_estimate":1914852.9424241227,"standard_error":41835.6777340879},"Median":{"confidence_interval":{"confidence_level":0.95,"lower_bound":1679854.375,"upper_bound":1869073.294117647},"point_estimate":1752210.3238095238,"standard_error":50649.42177748072},"MedianAbsDev":{"confidence_interval":{"confidence_level":0.95,"lower_bound":214075.38543828978,"upper_bound":442018.3866106694},"point_estimate":322933.0969576242,"standard_error":60813.003801544546},"Slope":{"confidence_interval":{"confidence_level":0.95,"lower_bound":1758555.9510423073,"upper_bound":1975870.966672357},"point_estimate":1859212.4315265259,"standard_error":55680.070811462974},"StdDev":{"confidence_interval":{"confidence_level":0.95,"lower_bound":348362.57306169375,"upper_bound":481097.9064210983},"point_estimate":419948.21162980626,"standard_error":33794.33476005787}}