{"Mean":{"confidence_interval":{"confidence_level":0.95,"lower_bound":922333072.1782209,"upper_bound":923168743.6485285},"point_estimate":922738954.4657936,"standard_error":213610.93560422855},"Median":{"confidence_interval":{"confidence_level":0.95,"lower_bound":921923187.3,"upper_bound":923125940.4400783},"point_estimate":922682936.3794872,"standard_error":292822.8803494094},"MedianAbsDev":{"confidence_interval":{"confidence_level":0.95,"lower_bound":1562140.3558432916,"upper_bound":2404656.2936387965},"point_estimate":1899367.7920721802,"standard_error":215634.95862106807},"Slope":{"confidence_interval":{"confidence_level":0.95,"lower_bound":922061137.7205627,"upper_bound":922821875.3556927},"point_estimate":922432160.6441466,"standard_error":194096.13604310938},"StdDev":{"confidence_interval":{"confidence_level":0.95,"lower_bound":1664847.2547603417,"upper_bound":2697964.087018758},"point_estimate":2147398.508606697,"standard_error":273219.53670137835}}