{"Mean":{"confidence_interval":{"confidence_level":0.95,"lower_bound":51513.997155837416,"upper_bound":52947.808012985},"point_estimate":52199.09612821984,"standard_error":365.7503483737098},"Median":{"confidence_interval":{"confidence_level":0.95,"lower_bound":50553.87230989957,"upper_bound":51827.39191919191},"point_estimate":51226.660334967324,"standard_error":303.837329458241},"MedianAbsDev":{"confidence_interval":{"confidence_level":0.95,"lower_bound":1813.7953931317404,"upper_bound":3326.6152119817707},"point_estimate":2522.3454098767015,"standard_error":404.71479185850444},"Slope":{"confidence_interval":{"confidence_level":0.95,"lower_bound":50656.41077525308,"upper_bound":51957.6353008831},"point_estimate":51243.38616417041,"standard_error":331.53266259167026},"StdDev":{"confidence_interval":{"confidence_level":0.95,"lower_bound":2808.9386177984284,"upper_bound":4483.473002538262},"point_estimate":3674.0026697590897,"standard_error":429.4206549431458}}