{"Mean":{"confidence_interval":{"confidence_level":0.95,"lower_bound":360746.81012133055,"upper_bound":367526.5865400236},"point_estimate":363973.14467096707,"standard_error":1734.5415084245267},"Median":{"confidence_interval":{"confidence_level":0.95,"lower_bound":353662.8181818182,"upper_bound":363783.84810126584},"point_estimate":358099.6940040095,"standard_error":2824.4287049925365},"MedianAbsDev":{"confidence_interval":{"confidence_level":0.95,"lower_bound":5132.032645251832,"upper_bound":16090.351203200988},"point_estimate":10559.593468967243,"standard_error":2893.379887534379},"Slope":{"confidence_interval":{"confidence_level":0.95,"lower_bound":359674.85263353464,"upper_bound":364207.8811837977},"point_estimate":361884.6376779469,"standard_error":1152.0076765992112},"StdDev":{"confidence_interval":{"confidence_level":0.95,"lower_bound":13118.837828162832,"upper_bound":21152.08459518295},"point_estimate":17435.80984513316,"standard_error":2054.231272448193}}