{"Mean":{"confidence_interval":{"confidence_level":0.95,"lower_bound":315662.7019771961,"upper_bound":324496.2726669377},"point_estimate":319833.3021847053,"standard_error":2259.7198225499324},"Median":{"confidence_interval":{"confidence_level":0.95,"lower_bound":311706.1529411765,"upper_bound":316242.35294117645},"point_estimate":314071.22804054053,"standard_error":1001.6349887178354},"MedianAbsDev":{"confidence_interval":{"confidence_level":0.95,"lower_bound":7868.460986603237,"upper_bound":13569.082587225646},"point_estimate":10168.272574224362,"standard_error":1484.900130310917},"Slope":{"confidence_interval":{"confidence_level":0.95,"lower_bound":316890.15059966367,"upper_bound":327427.4137365084},"point_estimate":321888.48074257426,"standard_error":2692.9765527117056},"StdDev":{"confidence_interval":{"confidence_level":0.95,"lower_bound":16145.58700081679,"upper_bound":28426.7277501789},"point_estimate":22705.699097118344,"standard_error":3146.182332377275}}