{"Mean":{"confidence_interval":{"confidence_level":0.95,"lower_bound":305319.62183094845,"upper_bound":312126.7823845809},"point_estimate":308663.1387058396,"standard_error":1737.2336365353096},"Median":{"confidence_interval":{"confidence_level":0.95,"lower_bound":301642.2727272727,"upper_bound":310496.53846153844},"point_estimate":306741.34461038955,"standard_error":2116.9675302828873},"MedianAbsDev":{"confidence_interval":{"confidence_level":0.95,"lower_bound":14865.681729803151,"upper_bound":24014.084371675384},"point_estimate":21286.26185523396,"standard_error":2415.84704550208},"Slope":{"confidence_interval":{"confidence_level":0.95,"lower_bound":311171.16829809843,"upper_bound":319529.44064060075},"point_estimate":315300.09977020836,"standard_error":2136.5654899691654},"StdDev":{"confidence_interval":{"confidence_level":0.95,"lower_bound":14926.837543639935,"upper_bound":19802.163322304863},"point_estimate":17502.02067351452,"standard_error":1246.5733991491895}}