{"Mean":{"confidence_interval":{"confidence_level":0.95,"lower_bound":29161.43472978899,"upper_bound":31251.572059591923},"point_estimate":30097.958033234198,"standard_error":536.5065103251603},"Median":{"confidence_interval":{"confidence_level":0.95,"lower_bound":28313.836665300707,"upper_bound":29007.68992248062},"point_estimate":28648.855531886118,"standard_error":185.34503512448137},"MedianAbsDev":{"confidence_interval":{"confidence_level":0.95,"lower_bound":1024.311168540774,"upper_bound":1829.644253352723},"point_estimate":1266.1920146925427,"standard_error":217.64741496306783},"Slope":{"confidence_interval":{"confidence_level":0.95,"lower_bound":28850.631502748074,"upper_bound":31697.82684473531},"point_estimate":29985.736563551876,"standard_error":762.6933519686537},"StdDev":{"confidence_interval":{"confidence_level":0.95,"lower_bound":2782.1683756865855,"upper_bound":7628.429419363135},"point_estimate":5363.42601128111,"standard_error":1258.1327315817762}}