{"Mean":{"confidence_interval":{"confidence_level":0.95,"lower_bound":37061254.04510257,"upper_bound":37322600.30746202},"point_estimate":37184323.103387095,"standard_error":66703.19929172246},"Median":{"confidence_interval":{"confidence_level":0.95,"lower_bound":37002841.87,"upper_bound":37169805.47959184},"point_estimate":37086488.2640845,"standard_error":34810.93829839164},"MedianAbsDev":{"confidence_interval":{"confidence_level":0.95,"lower_bound":258456.5097456377,"upper_bound":408398.12561459857},"point_estimate":356792.03471752786,"standard_error":38931.348807223854},"Slope":{"confidence_interval":{"confidence_level":0.95,"lower_bound":37027683.20734924,"upper_bound":37199408.076795645},"point_estimate":37106599.78504803,"standard_error":43769.91092343487},"StdDev":{"confidence_interval":{"confidence_level":0.95,"lower_bound":432157.83515414863,"upper_bound":873182.891164114},"point_estimate":669884.1733342763,"standard_error":111997.7466033063}}