{"Mean":{"confidence_interval":{"confidence_level":0.95,"lower_bound":311262559.52497685,"upper_bound":312528052.567689},"point_estimate":311853829.04804903,"standard_error":322813.66904807865},"Median":{"confidence_interval":{"confidence_level":0.95,"lower_bound":310803642.8448276,"upper_bound":311962215.6160839},"point_estimate":311096808.5792779,"standard_error":306344.6555052691},"MedianAbsDev":{"confidence_interval":{"confidence_level":0.95,"lower_bound":1593724.9969230616,"upper_bound":2472241.0464800587},"point_estimate":2073527.169863375,"standard_error":224294.90654424447},"Slope":{"confidence_interval":{"confidence_level":0.95,"lower_bound":311431508.0202022,"upper_bound":312308231.2627817},"point_estimate":311850729.34527266,"standard_error":223778.27931717917},"StdDev":{"confidence_interval":{"confidence_level":0.95,"lower_bound":2123357.8473740844,"upper_bound":4380966.05972979},"point_estimate":3241144.982368779,"standard_error":595720.6822158289}}