{"Mean":{"confidence_interval":{"confidence_level":0.95,"lower_bound":26922.719494369645,"upper_bound":28551.540365663357},"point_estimate":27693.44925868656,"standard_error":416.9887685790171},"Median":{"confidence_interval":{"confidence_level":0.95,"lower_bound":25776.494676494676,"upper_bound":27521.204545454544},"point_estimate":26732.263058213714,"standard_error":487.86465475291743},"MedianAbsDev":{"confidence_interval":{"confidence_level":0.95,"lower_bound":2182.683927904085,"upper_bound":3675.0579623874737},"point_estimate":2885.5870150233163,"standard_error":373.2298856274475},"Slope":{"confidence_interval":{"confidence_level":0.95,"lower_bound":26842.70908088537,"upper_bound":28220.837625381584},"point_estimate":27510.789181186774,"standard_error":351.2856408339262},"StdDev":{"confidence_interval":{"confidence_level":0.95,"lower_bound":2900.0957409043344,"upper_bound":5376.8686123252355},"point_estimate":4200.151669846659,"standard_error":635.092623245312}}