{"Mean":{"confidence_interval":{"confidence_level":0.95,"lower_bound":-0.17819043891907396,"upper_bound":-0.11569992684316976},"point_estimate":-0.14657441571304253,"standard_error":0.015972639904729025},"Median":{"confidence_interval":{"confidence_level":0.95,"lower_bound":-0.1359188407056705,"upper_bound":-0.0656996786601578},"point_estimate":-0.09921731017985791,"standard_error":0.017283083793105333}}