{"Mean":{"confidence_interval":{"confidence_level":0.95,"lower_bound":2381700.8435482373,"upper_bound":2768040.9973263238},"point_estimate":2550976.9410489025,"standard_error":99479.91976119338},"Median":{"confidence_interval":{"confidence_level":0.95,"lower_bound":2147070.685185185,"upper_bound":2381724.719507803},"point_estimate":2257697.674689441,"standard_error":57275.51494270236},"MedianAbsDev":{"confidence_interval":{"confidence_level":0.95,"lower_bound":167890.10562696337,"upper_bound":407852.77544309496},"point_estimate":274192.73550483334,"standard_error":58847.788686862215},"Slope":{"confidence_interval":{"confidence_level":0.95,"lower_bound":2259627.9359073276,"upper_bound":2495861.2069980474},"point_estimate":2366370.6297029704,"standard_error":60617.88720665625},"StdDev":{"confidence_interval":{"confidence_level":0.95,"lower_bound":446720.9614363211,"upper_bound":1505000.8123850655},"point_estimate":1001065.728549292,"standard_error":285738.45036093594}}