{"Mean":{"confidence_interval":{"confidence_level":0.95,"lower_bound":1914823.7374395193,"upper_bound":1960685.6904872311},"point_estimate":1937078.1347026823,"standard_error":11704.469820244907},"Median":{"confidence_interval":{"confidence_level":0.95,"lower_bound":1883512.9555555556,"upper_bound":1925427.6081311195},"point_estimate":1897743.013975155,"standard_error":10153.224351299914},"MedianAbsDev":{"confidence_interval":{"confidence_level":0.95,"lower_bound":65043.22745131927,"upper_bound":115261.53086628164},"point_estimate":82495.8446876862,"standard_error":12829.505504416027},"Slope":{"confidence_interval":{"confidence_level":0.95,"lower_bound":1899060.2405267386,"upper_bound":1949074.9550870631},"point_estimate":1922629.9213565835,"standard_error":12838.034827344438},"StdDev":{"confidence_interval":{"confidence_level":0.95,"lower_bound":93633.15953377071,"upper_bound":139296.26869100044},"point_estimate":117980.47215171547,"standard_error":11675.864930478067}}