{"Mean":{"confidence_interval":{"confidence_level":0.95,"lower_bound":1777138.3031745688,"upper_bound":2064523.7441053113},"point_estimate":1907610.4308452823,"standard_error":73331.66963607859},"Median":{"confidence_interval":{"confidence_level":0.95,"lower_bound":1543974.7142857143,"upper_bound":1749041.0877329193},"point_estimate":1606963.4047619049,"standard_error":52104.27049105983},"MedianAbsDev":{"confidence_interval":{"confidence_level":0.95,"lower_bound":53492.42128480243,"upper_bound":342351.2602160855},"point_estimate":143871.69711500756,"standard_error":73098.13054744588},"Slope":{"confidence_interval":{"confidence_level":0.95,"lower_bound":1795258.4113026017,"upper_bound":2289199.564789686},"point_estimate":2004552.8153834785,"standard_error":128878.41097811623},"StdDev":{"confidence_interval":{"confidence_level":0.95,"lower_bound":398883.17114087555,"upper_bound":1022540.5205370925},"point_estimate":737457.0207390769,"standard_error":160563.86310813713}}