{"Mean":{"confidence_interval":{"confidence_level":0.95,"lower_bound":0.013312255994266687,"upper_bound":0.0574380607078909},"point_estimate":0.035391847725629644,"standard_error":0.011213308265317462},"Median":{"confidence_interval":{"confidence_level":0.95,"lower_bound":0.01439662177734502,"upper_bound":0.055728132571680966},"point_estimate":0.030256101106850508,"standard_error":0.01048723372036683}}