{"Mean":{"confidence_interval":{"confidence_level":0.95,"lower_bound":0.055774208276674085,"upper_bound":0.13563839542447237},"point_estimate":0.09438777273414756,"standard_error":0.020119682572553275},"Median":{"confidence_interval":{"confidence_level":0.95,"lower_bound":0.0010577783476883873,"upper_bound":0.08327084241925577},"point_estimate":0.028145366546113104,"standard_error":0.020570921489142767}}