{"Mean":{"confidence_interval":{"confidence_level":0.95,"lower_bound":130749987.5206601,"upper_bound":131236080.73257093},"point_estimate":130991391.84391321,"standard_error":123995.05913000787},"Median":{"confidence_interval":{"confidence_level":0.95,"lower_bound":130815585.18461539,"upper_bound":131204778.91304348},"point_estimate":131011975.8828976,"standard_error":104281.51295209683},"MedianAbsDev":{"confidence_interval":{"confidence_level":0.95,"lower_bound":638666.9263083527,"upper_bound":1062040.3898840398},"point_estimate":771502.7425510945,"standard_error":109748.73721817005},"Slope":{"confidence_interval":{"confidence_level":0.95,"lower_bound":131002040.19147056,"upper_bound":131332828.84392844},"point_estimate":131170301.63091473,"standard_error":84222.15664265984},"StdDev":{"confidence_interval":{"confidence_level":0.95,"lower_bound":926084.8006443153,"upper_bound":1560115.6332098413},"point_estimate":1248229.3959874818,"standard_error":162659.24841372983}}