{"Mean":{"confidence_interval":{"confidence_level":0.95,"lower_bound":49446380.27338645,"upper_bound":49762729.89072124},"point_estimate":49601550.310410775,"standard_error":80749.7136409062},"Median":{"confidence_interval":{"confidence_level":0.95,"lower_bound":49363378.31481481,"upper_bound":49691485.24},"point_estimate":49482543.52816455,"standard_error":81570.79099472209},"MedianAbsDev":{"confidence_interval":{"confidence_level":0.95,"lower_bound":491427.6415239411,"upper_bound":793567.8612071319},"point_estimate":610822.9387177274,"standard_error":77192.26609375731},"Slope":{"confidence_interval":{"confidence_level":0.95,"lower_bound":49458117.262094215,"upper_bound":49736403.012283735},"point_estimate":49591753.13959805,"standard_error":70918.84951730013},"StdDev":{"confidence_interval":{"confidence_level":0.95,"lower_bound":660702.9876815403,"upper_bound":946199.3208336604},"point_estimate":812156.4799155561,"standard_error":72932.16355285769}}