{"Mean":{"confidence_interval":{"confidence_level":0.95,"lower_bound":129187776.48802538,"upper_bound":142946429.3894495},"point_estimate":135366335.4630398,"standard_error":3528614.210523799},"Median":{"confidence_interval":{"confidence_level":0.95,"lower_bound":122127257.59375,"upper_bound":122805177.88636364},"point_estimate":122448149.35578321,"standard_error":166447.21035775036},"MedianAbsDev":{"confidence_interval":{"confidence_level":0.95,"lower_bound":1042591.6766612887,"upper_bound":2151431.0595994927},"point_estimate":1599065.9300673523,"standard_error":287298.5161027835},"Slope":{"confidence_interval":{"confidence_level":0.95,"lower_bound":122428335.81514674,"upper_bound":123181559.61336216},"point_estimate":122762610.16696025,"standard_error":193044.59375092055},"StdDev":{"confidence_interval":{"confidence_level":0.95,"lower_bound":18059823.422073692,"upper_bound":49464300.28822347},"point_estimate":35494324.78749298,"standard_error":8012695.217951915}}