{"Mean":{"confidence_interval":{"confidence_level":0.95,"lower_bound":-0.18046804908272027,"upper_bound":-0.10112270926860555},"point_estimate":-0.14231322755895492,"standard_error":0.020301945118481532},"Median":{"confidence_interval":{"confidence_level":0.95,"lower_bound":-0.1865118497074847,"upper_bound":-0.12274884149918386},"point_estimate":-0.16386980730404999,"standard_error":0.01556633389807471}}