{"Mean":{"confidence_interval":{"confidence_level":0.95,"lower_bound":-0.38799126800005324,"upper_bound":-0.31489630300184734},"point_estimate":-0.3517149417291916,"standard_error":0.01867365955221288},"Median":{"confidence_interval":{"confidence_level":0.95,"lower_bound":-0.34859516649554984,"upper_bound":-0.2647728301892712},"point_estimate":-0.31183668035363055,"standard_error":0.022408166131385313}}