{"Mean":{"confidence_interval":{"confidence_level":0.95,"lower_bound":267398415.37730044,"upper_bound":281045876.15801793},"point_estimate":273994533.7006593,"standard_error":3487913.1838341346},"Median":{"confidence_interval":{"confidence_level":0.95,"lower_bound":253125581.5106383,"upper_bound":264752024.90789473},"point_estimate":256760041.76307848,"standard_error":2964257.367760918},"MedianAbsDev":{"confidence_interval":{"confidence_level":0.95,"lower_bound":11260568.326468445,"upper_bound":27807358.474272277},"point_estimate":16272027.809959123,"standard_error":4248098.515278271},"Slope":{"confidence_interval":{"confidence_level":0.95,"lower_bound":262043728.1269887,"upper_bound":276003337.5512082},"point_estimate":268530430.38884884,"standard_error":3573315.5887143067},"StdDev":{"confidence_interval":{"confidence_level":0.95,"lower_bound":28408932.97973448,"upper_bound":41566853.19700204},"point_estimate":35016206.51776035,"standard_error":3398356.1251317533}}