{"Mean":{"confidence_interval":{"confidence_level":0.95,"lower_bound":-0.2497597903480978,"upper_bound":-0.13563701961839178},"point_estimate":-0.19270125741652044,"standard_error":0.029127479354107873},"Median":{"confidence_interval":{"confidence_level":0.95,"lower_bound":-0.13961041035477864,"upper_bound":-0.07901651863976872},"point_estimate":-0.10578970335513826,"standard_error":0.015901467106128383}}