{"Mean":{"confidence_interval":{"confidence_level":0.95,"lower_bound":138.5391106600582,"upper_bound":157.71692059250037},"point_estimate":147.3785888753546,"standard_error":4.901211210832808},"Median":{"confidence_interval":{"confidence_level":0.95,"lower_bound":125.8721561480913,"upper_bound":134.30229980604045},"point_estimate":130.0572395692218,"standard_error":2.54102999120993},"MedianAbsDev":{"confidence_interval":{"confidence_level":0.95,"lower_bound":7.323278309909712,"upper_bound":16.754509224299184},"point_estimate":11.48728204340877,"standard_error":2.5421584981195653},"Slope":{"confidence_interval":{"confidence_level":0.95,"lower_bound":148.6648441477423,"upper_bound":189.6545368900928},"point_estimate":168.3057326025527,"standard_error":10.493276951130623},"StdDev":{"confidence_interval":{"confidence_level":0.95,"lower_bound":29.587507770187283,"upper_bound":65.20063902686978},"point_estimate":49.18036144117716,"standard_error":9.025463109710934}}