{"Mean":{"confidence_interval":{"confidence_level":0.95,"lower_bound":26941443.290407367,"upper_bound":27074328.379340526},"point_estimate":26999660.210404944,"standard_error":34091.33338987067},"Median":{"confidence_interval":{"confidence_level":0.95,"lower_bound":26896533.209302325,"upper_bound":26982883.79661017},"point_estimate":26946021.845345348,"standard_error":20122.850830292628},"MedianAbsDev":{"confidence_interval":{"confidence_level":0.95,"lower_bound":115159.95764361402,"upper_bound":181834.3838150847},"point_estimate":141578.8495894177,"standard_error":16886.52157880675},"Slope":{"confidence_interval":{"confidence_level":0.95,"lower_bound":26952955.068883605,"upper_bound":27137065.707163442},"point_estimate":27027975.270885177,"standard_error":48338.13467515775},"StdDev":{"confidence_interval":{"confidence_level":0.95,"lower_bound":172986.62312815344,"upper_bound":516416.47900539305},"point_estimate":342304.8953118183,"standard_error":102421.16481962145}}