{"Mean":{"confidence_interval":{"confidence_level":0.95,"lower_bound":32915022.200940367,"upper_bound":34760296.520762704},"point_estimate":33801667.06807644,"standard_error":470345.8649590501},"Median":{"confidence_interval":{"confidence_level":0.95,"lower_bound":32144427.285714287,"upper_bound":34044002.75},"point_estimate":33287145.692307692,"standard_error":475506.0968251399},"MedianAbsDev":{"confidence_interval":{"confidence_level":0.95,"lower_bound":2739018.2639745115,"upper_bound":4743114.1428137645},"point_estimate":3744472.2779418067,"standard_error":509235.4588065575},"Slope":{"confidence_interval":{"confidence_level":0.95,"lower_bound":33742107.05705272,"upper_bound":35628710.08202918},"point_estimate":34669831.63772129,"standard_error":480972.0659994348},"StdDev":{"confidence_interval":{"confidence_level":0.95,"lower_bound":3612441.7314300127,"upper_bound":5691384.71608042},"point_estimate":4712492.734282179,"standard_error":534072.4723695916}}