{"Mean":{"confidence_interval":{"confidence_level":0.95,"lower_bound":154849660.09218124,"upper_bound":164946688.16848156},"point_estimate":159494675.59455794,"standard_error":2593062.884082179},"Median":{"confidence_interval":{"confidence_level":0.95,"lower_bound":152568142.325,"upper_bound":159083654.36363637},"point_estimate":155942307.512465,"standard_error":1537641.7673934265},"MedianAbsDev":{"confidence_interval":{"confidence_level":0.95,"lower_bound":8887951.129742628,"upper_bound":15901267.135466997},"point_estimate":12478214.057633653,"standard_error":1791891.4943283258},"Slope":{"confidence_interval":{"confidence_level":0.95,"lower_bound":153531800.3518136,"upper_bound":160309787.57302},"point_estimate":156474097.84670016,"standard_error":1737970.069926455},"StdDev":{"confidence_interval":{"confidence_level":0.95,"lower_bound":15306522.779212339,"upper_bound":36496333.65172698},"point_estimate":26041046.713709075,"standard_error":5569538.671090808}}