{"Mean":{"confidence_interval":{"confidence_level":0.95,"lower_bound":2039421.115333655,"upper_bound":2079498.9084509904},"point_estimate":2057750.6538364657,"standard_error":10230.47571583297},"Median":{"confidence_interval":{"confidence_level":0.95,"lower_bound":2025206.7450980393,"upper_bound":2048871.6194444445},"point_estimate":2035102.6875,"standard_error":7425.794927616585},"MedianAbsDev":{"confidence_interval":{"confidence_level":0.95,"lower_bound":34075.777029198165,"upper_bound":62140.38407719138},"point_estimate":46582.86624015117,"standard_error":6556.454843589277},"Slope":{"confidence_interval":{"confidence_level":0.95,"lower_bound":2011394.2890343321,"upper_bound":2088151.043929121},"point_estimate":2042236.5103768287,"standard_error":20132.189235180584},"StdDev":{"confidence_interval":{"confidence_level":0.95,"lower_bound":62531.29808406459,"upper_bound":143477.95849603417},"point_estimate":102567.20263607833,"standard_error":21770.32765556753}}