{"Mean":{"confidence_interval":{"confidence_level":0.95,"lower_bound":1633718.382486939,"upper_bound":1653911.9156464916},"point_estimate":1643336.429967252,"standard_error":5143.002942431447},"Median":{"confidence_interval":{"confidence_level":0.95,"lower_bound":1612977.8359330688,"upper_bound":1638850.365079365},"point_estimate":1624482.4843304842,"standard_error":5639.421293188858},"MedianAbsDev":{"confidence_interval":{"confidence_level":0.95,"lower_bound":15205.779424780312,"upper_bound":43696.40196538989},"point_estimate":28536.5351719784,"standard_error":6405.641077291344},"Slope":{"confidence_interval":{"confidence_level":0.95,"lower_bound":1636837.9372177718,"upper_bound":1667160.050536403},"point_estimate":1651209.0179370474,"standard_error":7779.131754569546},"StdDev":{"confidence_interval":{"confidence_level":0.95,"lower_bound":39146.663380553095,"upper_bound":62976.11044043905},"point_estimate":51488.862598207765,"standard_error":6106.345659801023}}