{"Mean":{"confidence_interval":{"confidence_level":0.95,"lower_bound":131.3565302297529,"upper_bound":141.35567002955753},"point_estimate":136.084309689331,"standard_error":2.5557686199111576},"Median":{"confidence_interval":{"confidence_level":0.95,"lower_bound":123.6801744664753,"upper_bound":131.79466968040973},"point_estimate":126.2397926717658,"standard_error":2.5954668408411465},"MedianAbsDev":{"confidence_interval":{"confidence_level":0.95,"lower_bound":8.912619206880523,"upper_bound":17.293506791337656},"point_estimate":11.736055547653166,"standard_error":2.5472759408764944},"Slope":{"confidence_interval":{"confidence_level":0.95,"lower_bound":137.78376692168982,"upper_bound":148.26589697011644},"point_estimate":142.86564714110912,"standard_error":2.6720675612358042},"StdDev":{"confidence_interval":{"confidence_level":0.95,"lower_bound":18.134534920825935,"upper_bound":32.46706635161185},"point_estimate":25.78965754715243,"standard_error":3.6776857749708536}}