{"Mean":{"confidence_interval":{"confidence_level":0.95,"lower_bound":2487592896.4213796,"upper_bound":2490043022.9217777},"point_estimate":2488720390.2502933,"standard_error":622833.7206766901},"Median":{"confidence_interval":{"confidence_level":0.95,"lower_bound":2487261241.7115383,"upper_bound":2488521514.419355},"point_estimate":2487717788.8336916,"standard_error":344005.76754484675},"MedianAbsDev":{"confidence_interval":{"confidence_level":0.95,"lower_bound":2025038.7065037692,"upper_bound":3475407.496130515},"point_estimate":2673644.0619289344,"standard_error":355478.7723332769},"Slope":{"confidence_interval":{"confidence_level":0.95,"lower_bound":2488067063.858773,"upper_bound":2489842911.5220966},"point_estimate":2488876609.7575765,"standard_error":454670.71241682017},"StdDev":{"confidence_interval":{"confidence_level":0.95,"lower_bound":3578323.167969706,"upper_bound":9041747.824301248},"point_estimate":6286090.172016233,"standard_error":1465304.3044571488}}