{"Mean":{"confidence_interval":{"confidence_level":0.95,"lower_bound":-0.2587323119868586,"upper_bound":-0.1411012810297114},"point_estimate":-0.2002261656034553,"standard_error":0.030047125242819706},"Median":{"confidence_interval":{"confidence_level":0.95,"lower_bound":-0.19085560932790024,"upper_bound":-0.12172099577247636},"point_estimate":-0.15012380191959962,"standard_error":0.018460495186798175}}