{"Mean":{"confidence_interval":{"confidence_level":0.95,"lower_bound":27739703.486973837,"upper_bound":29253829.969485447},"point_estimate":28377940.860225625,"standard_error":392027.159177959},"Median":{"confidence_interval":{"confidence_level":0.95,"lower_bound":27432984.942708336,"upper_bound":28047910.35},"point_estimate":27810066.85551948,"standard_error":160980.62015650456},"MedianAbsDev":{"confidence_interval":{"confidence_level":0.95,"lower_bound":996051.5646341974,"upper_bound":1948383.5310655457},"point_estimate":1432741.6105772653,"standard_error":269281.29780635185},"Slope":{"confidence_interval":{"confidence_level":0.95,"lower_bound":27078086.109078847,"upper_bound":27712976.032815434},"point_estimate":27379745.567167133,"standard_error":161847.95861206902},"StdDev":{"confidence_interval":{"confidence_level":0.95,"lower_bound":1652526.3788681792,"upper_bound":6205723.808428594},"point_estimate":3948259.5673273415,"standard_error":1408625.620831739}}