{"Mean":{"confidence_interval":{"confidence_level":0.95,"lower_bound":10314801.272283867,"upper_bound":10434082.604135446},"point_estimate":10370514.572697897,"standard_error":30459.97014050817},"Median":{"confidence_interval":{"confidence_level":0.95,"lower_bound":10201878.43859649,"upper_bound":10337379.785509326},"point_estimate":10260445.054216867,"standard_error":40827.82411265264},"MedianAbsDev":{"confidence_interval":{"confidence_level":0.95,"lower_bound":108315.47801727652,"upper_bound":278835.1426291711},"point_estimate":181935.21896243564,"standard_error":47089.991225615864},"Slope":{"confidence_interval":{"confidence_level":0.95,"lower_bound":10312242.65693373,"upper_bound":10423536.642742993},"point_estimate":10366562.275655387,"standard_error":28379.164983616338},"StdDev":{"confidence_interval":{"confidence_level":0.95,"lower_bound":209337.56049090077,"upper_bound":409575.99383766414},"point_estimate":307596.2245118128,"standard_error":53058.79597157293}}