{"Mean":{"confidence_interval":{"confidence_level":0.95,"lower_bound":-0.09590538740570771,"upper_bound":-0.07360533571591592},"point_estimate":-0.08532773785849679,"standard_error":0.005614198322076024},"Median":{"confidence_interval":{"confidence_level":0.95,"lower_bound":-0.10004128292760506,"upper_bound":-0.09085191575715001},"point_estimate":-0.09505461730312725,"standard_error":0.0022775863071318805}}