{"Mean":{"confidence_interval":{"confidence_level":0.95,"lower_bound":24617949.677185703,"upper_bound":25518017.8769776},"point_estimate":25052047.533777814,"standard_error":229405.7317198163},"Median":{"confidence_interval":{"confidence_level":0.95,"lower_bound":23826232.496226415,"upper_bound":25157989.747182455},"point_estimate":24597217.886363637,"standard_error":330409.9182460426},"MedianAbsDev":{"confidence_interval":{"confidence_level":0.95,"lower_bound":1434072.1853740185,"upper_bound":2608136.1095809825},"point_estimate":2187139.969164198,"standard_error":290491.7361424785},"Slope":{"confidence_interval":{"confidence_level":0.95,"lower_bound":25035653.77976373,"upper_bound":26412013.712299775},"point_estimate":25713157.820147775,"standard_error":350913.1711146256},"StdDev":{"confidence_interval":{"confidence_level":0.95,"lower_bound":1815374.7231830233,"upper_bound":2749359.3196681007},"point_estimate":2302478.0219477033,"standard_error":238613.53774263346}}