{"Mean":{"confidence_interval":{"confidence_level":0.95,"lower_bound":650272997.7462578,"upper_bound":652722854.358268},"point_estimate":651328894.73907,"standard_error":632787.2406645358},"Median":{"confidence_interval":{"confidence_level":0.95,"lower_bound":649687239.0567145,"upper_bound":650213551.8858914},"point_estimate":649890728.507384,"standard_error":139300.58536228343},"MedianAbsDev":{"confidence_interval":{"confidence_level":0.95,"lower_bound":779791.155418645,"upper_bound":1458189.2440137404},"point_estimate":1047712.6189519495,"standard_error":175192.7567605115},"Slope":{"confidence_interval":{"confidence_level":0.95,"lower_bound":650039269.3060498,"upper_bound":651215143.968945},"point_estimate":650534071.4810256,"standard_error":304614.15517023695},"StdDev":{"confidence_interval":{"confidence_level":0.95,"lower_bound":2190771.131303899,"upper_bound":9595603.903882956},"point_estimate":6350123.119271866,"standard_error":1943651.927103373}}