{"Mean":{"confidence_interval":{"confidence_level":0.95,"lower_bound":27149.371018782018,"upper_bound":27595.85288348993},"point_estimate":27359.02586714454,"standard_error":114.05409368897068},"Median":{"confidence_interval":{"confidence_level":0.95,"lower_bound":26888.356674382718,"upper_bound":27175.10664877062},"point_estimate":26961.976969057665,"standard_error":66.64067237059018},"MedianAbsDev":{"confidence_interval":{"confidence_level":0.95,"lower_bound":325.71556079192294,"upper_bound":673.8166529057859},"point_estimate":423.94433089940844,"standard_error":89.15692380567691},"Slope":{"confidence_interval":{"confidence_level":0.95,"lower_bound":26919.601011895913,"upper_bound":27390.739661764957},"point_estimate":27141.301907623598,"standard_error":120.41798034962895},"StdDev":{"confidence_interval":{"confidence_level":0.95,"lower_bound":783.7556366541066,"upper_bound":1448.9913831948431},"point_estimate":1143.522379582526,"standard_error":169.55228277192552}}