{"Mean":{"confidence_interval":{"confidence_level":0.95,"lower_bound":-0.016477376386239962,"upper_bound":0.06065132579067371},"point_estimate":0.0212585220228525,"standard_error":0.019641745021776968},"Median":{"confidence_interval":{"confidence_level":0.95,"lower_bound":-0.0016527261244535711,"upper_bound":0.06952944432955233},"point_estimate":0.039820192078985794,"standard_error":0.018279038104307577}}