{"Mean":{"confidence_interval":{"confidence_level":0.95,"lower_bound":0.00205674073329461,"upper_bound":0.07424212226581411},"point_estimate":0.0370753589542685,"standard_error":0.018734700553088058},"Median":{"confidence_interval":{"confidence_level":0.95,"lower_bound":-0.030952744401869237,"upper_bound":0.03325091144034061},"point_estimate":-0.00043961795807290205,"standard_error":0.016065632464284718}}