{"Mean":{"confidence_interval":{"confidence_level":0.95,"lower_bound":194579753.62841633,"upper_bound":213811305.06788927},"point_estimate":203893232.52437893,"standard_error":4901388.373809531},"Median":{"confidence_interval":{"confidence_level":0.95,"lower_bound":182739696.3778202,"upper_bound":198549048.9388889},"point_estimate":192913450.9562325,"standard_error":4197734.998677872},"MedianAbsDev":{"confidence_interval":{"confidence_level":0.95,"lower_bound":26708300.41930742,"upper_bound":53776087.45026992},"point_estimate":35264633.20862042,"standard_error":7350657.148150863},"Slope":{"confidence_interval":{"confidence_level":0.95,"lower_bound":170603122.56058162,"upper_bound":184775336.0997412},"point_estimate":176929103.28697798,"standard_error":3621290.338785532},"StdDev":{"confidence_interval":{"confidence_level":0.95,"lower_bound":39791506.407093845,"upper_bound":57316581.43483893},"point_estimate":49209454.36582544,"standard_error":4477656.488091096}}