{"Mean":{"confidence_interval":{"confidence_level":0.95,"lower_bound":115180791.78413787,"upper_bound":119098332.59406307},"point_estimate":117068004.63123816,"standard_error":1002105.7655010112},"Median":{"confidence_interval":{"confidence_level":0.95,"lower_bound":113765358.22680412,"upper_bound":117935438.23880596},"point_estimate":115124117.84791666,"standard_error":1141345.5606693546},"MedianAbsDev":{"confidence_interval":{"confidence_level":0.95,"lower_bound":6935636.938571529,"upper_bound":10889345.193671308},"point_estimate":9126304.913878027,"standard_error":977392.1535920505},"Slope":{"confidence_interval":{"confidence_level":0.95,"lower_bound":115468301.48463443,"upper_bound":119507006.94175246},"point_estimate":117436517.23200236,"standard_error":1027527.6325229612},"StdDev":{"confidence_interval":{"confidence_level":0.95,"lower_bound":7574311.825700219,"upper_bound":12766292.80744398},"point_estimate":10027895.129789962,"standard_error":1379192.6062488663}}