{"Mean":{"confidence_interval":{"confidence_level":0.95,"lower_bound":26976999.634638984,"upper_bound":27401487.74975926},"point_estimate":27173040.68357286,"standard_error":108723.09529913192},"Median":{"confidence_interval":{"confidence_level":0.95,"lower_bound":26799448.794871796,"upper_bound":26973944.56862745},"point_estimate":26868198.551168293,"standard_error":44085.68747397638},"MedianAbsDev":{"confidence_interval":{"confidence_level":0.95,"lower_bound":427101.52690085926,"upper_bound":772909.2102423395},"point_estimate":565835.3811285202,"standard_error":88508.98552719395},"Slope":{"confidence_interval":{"confidence_level":0.95,"lower_bound":26893949.41259002,"upper_bound":27224332.353585754},"point_estimate":27048540.742639277,"standard_error":83915.79219068066},"StdDev":{"confidence_interval":{"confidence_level":0.95,"lower_bound":734752.3351137987,"upper_bound":1434700.8808323315},"point_estimate":1091894.2078708177,"standard_error":180655.96832674876}}