{"Mean":{"confidence_interval":{"confidence_level":0.95,"lower_bound":26796176.42440018,"upper_bound":28520052.289517026},"point_estimate":27599788.646836534,"standard_error":441695.8072312569},"Median":{"confidence_interval":{"confidence_level":0.95,"lower_bound":25909074.606060605,"upper_bound":26462426.308558557},"point_estimate":26148187.44858871,"standard_error":146108.6150297914},"MedianAbsDev":{"confidence_interval":{"confidence_level":0.95,"lower_bound":1133506.631197143,"upper_bound":2003559.858318675},"point_estimate":1583869.9341771584,"standard_error":211583.9335090714},"Slope":{"confidence_interval":{"confidence_level":0.95,"lower_bound":27717113.805339247,"upper_bound":31193403.47047898},"point_estimate":29362848.810583714,"standard_error":890976.0612641254},"StdDev":{"confidence_interval":{"confidence_level":0.95,"lower_bound":2838427.516981932,"upper_bound":5844916.022521615},"point_estimate":4446416.846605547,"standard_error":771858.5176997407}}