{"Mean":{"confidence_interval":{"confidence_level":0.95,"lower_bound":361266.91504008137,"upper_bound":373272.95876560727},"point_estimate":366723.5448904218,"standard_error":3088.853212223188},"Median":{"confidence_interval":{"confidence_level":0.95,"lower_bound":353622.8933333333,"upper_bound":361070.65367965365},"point_estimate":356204.94035087724,"standard_error":2261.8020847438743},"MedianAbsDev":{"confidence_interval":{"confidence_level":0.95,"lower_bound":4666.053536933396,"upper_bound":14235.7099782084},"point_estimate":8288.818324924989,"standard_error":2791.9052839554433},"Slope":{"confidence_interval":{"confidence_level":0.95,"lower_bound":359198.582939997,"upper_bound":364275.7962327204},"point_estimate":361730.692113689,"standard_error":1295.9835914408848},"StdDev":{"confidence_interval":{"confidence_level":0.95,"lower_bound":15632.87135080798,"upper_bound":43025.219240109924},"point_estimate":31098.05313282513,"standard_error":6910.0198911565385}}